scenario,n,rmse_raw,rmse_fixed,rmse_cm,rmse_cm_replay,rmse_3feat,cm_replay_diff,mae_R_3feat,mape_R_3feat,cm_R_mean,R_3feat_mean,cm_R_max,R_3feat_max
E2_white_run03,230,33.07613754272461,32.507781982421875,32.98666000366211,31.478603704170077,31.767582290005585,10.040355832606272,3.443289041519165,31.169097900390625,14.288704872131348,15.099114418029785,52.72600173950195,47.45112228393555
E2_black_run03,239,42.226722717285156,42.15699005126953,43.5400390625,38.78542875815491,38.633314973372386,21.019294658052548,8.423831939697266,24.206157684326172,77.24898529052734,78.55236053466797,225.99000549316406,304.77191162109375
E2_acryl_run03,236,40.34962463378906,36.84759521484375,32.85932922363281,99.77518667287549,97.00397089042184,53.837969897525,283.988037109375,32.48603439331055,425.8823547363281,444.1427001953125,2501.55810546875,4225.265625
E3_run04,226,56.33338928222656,53.83008575439453,17.466642379760742,57.19898361452438,47.17395440066878,36.117542229692695,1134.2156982421875,33.75178909301758,2509.804931640625,1769.2625732421875,10000.0,10000.0
E3_run05,234,47.29902648925781,44.798614501953125,18.269359588623047,32.01002816090413,30.78836640402267,18.116605895142744,582.7131958007812,33.066959381103516,1246.8565673828125,990.1343383789062,10000.0,10000.0
